{
    "accuracy:": 0.6951219512195121,
    "precision:": 0.6774193548387096,
    "f1_score:": 0.45652173913043476,
    "recall_score:": 0.3442622950819672
}
